id,tweet_id,tag_result,features,decision_source
1,1867403867933356000,Negative,{},User agreement
2,1897308405058138600,Irrelevant,{},User agreement
3,1897319205080588800,Negative,{},User agreement
4,1841049096574157000,Positive,"{""Justifying Nazi ideology""}",User agreement
5,1721478505442197500,Positive,"{""Blood libels and religiously based antisemitism"",""Calling for violence and hostility against Israel"",""Collective blame of Jews for actions of the State of Israel""}",User agreement
6,1768462114010870000,Irrelevant,{},User agreement
7,1822925497816519000,Positive,"{""Justifying Nazi ideology""}",User agreement
8,1835474342328902000,Irrelevant,{},User agreement
9,1875427793045221400,Irrelevant,{},User agreement
10,1844980852066800000,Irrelevant,{},User agreement
11,1808731082336108500,Positive,"{""Comparing Israel and its policies to Nazi Germany"",Other}",User agreement
12,1869376992417812700,Positive,"{""Spreading conspiracy theories about Jewish control (power, money, and media)""}",User agreement
13,1878096967714394600,Negative,{},User agreement
14,1806543085721317600,Positive,"{""Applying double standards to Israel that are not applied to other states (double standard)"",""Denying the Jewish people's right to self-determination/the right of Israel to exist"",""Collective blame of Jews for actions of the State of Israel""}",User agreement
15,1854264973977100500,Positive,"{""Applying double standards to Israel that are not applied to other states (double standard)"",""Calling for violence and hostility against Israel"",""Denying the Jewish people's right to self-determination/the right of Israel to exist"",""Collective blame of Jews for actions of the State of Israel""}",User agreement
16,1796315018490954000,Negative,{},User agreement
17,1842009930875994400,Irrelevant,{},User agreement
18,1848865012305301500,Positive,"{""Demonization of Jews (portraying them as inferior and despicable)"",Other}",User agreement
19,1834659062681899000,Negative,{},User agreement
20,1821441855113838800,Negative,{},User agreement
21,1846816095665377300,Negative,{},User agreement
22,1830472523869557200,Positive,"{""Justifying Nazi ideology""}",User agreement
23,1864771420678447400,Negative,{},User agreement
24,1878174018391409000,Negative,{},User agreement
25,1814455828034007000,Positive,"{Other,""Denying the Jewish people's right to self-determination/the right of Israel to exist""}",User agreement
26,1824364637451850000,Negative,{},User agreement
27,1830407463453290500,Negative,{},User agreement
28,1869212604301979600,Irrelevant,{},User agreement
29,1792104130854670800,Positive,{Other},User agreement
30,1862495487057654000,Negative,{},User agreement
31,1788045944333943000,Negative,{},User agreement
32,1762713531651346700,Positive,"{Other,""Calling for violence and hostility against Israel""}",User agreement
33,1898880694191116300,Negative,{},User agreement
34,1774330522531218000,Positive,"{Other,""Denying the Jewish people's right to self-determination/the right of Israel to exist""}",User agreement
35,1848668562992275500,Negative,{},User agreement
36,1880337784541704200,Positive,"{""Cynical use of the Holocaust and Holocaust denial"",Other,""Spreading conspiracy theories about Jewish control (power, money, and media)""}",User agreement
37,1864434451176149200,Positive,"{""Denying the Jewish people's right to self-determination/the right of Israel to exist"",""Collective blame of Jews for actions of the State of Israel""}",User agreement
38,1760081365197115400,Positive,"{""Applying double standards to Israel that are not applied to other states (double standard)"",""Comparing Israel and its policies to Nazi Germany"",Other,""Denying the Jewish people's right to self-determination/the right of Israel to exist""}",User agreement
39,1896453849969504300,Negative,{},User agreement
40,1822500405001253400,Irrelevant,{},User agreement
41,1889488761966219500,Irrelevant,{},User agreement
42,1898974696915567000,Irrelevant,{},User agreement
43,1774973511414780400,Positive,"{Other,""Denying the Jewish people's right to self-determination/the right of Israel to exist"",""Calling for violence and hostility against Israel"",""Collective blame of Jews for actions of the State of Israel""}",User agreement
44,1881705000759648500,Negative,{},User agreement
45,1755378209133109800,Positive,"{""Calls for harming/killing Jews"",""Spreading conspiracy theories about Jewish control (power, money, and media)""}",User agreement
46,1746693130584518700,Positive,"{""Comparing Israel and its policies to Nazi Germany"",""Calling for violence and hostility against Israel"",""Denying the Jewish people's right to self-determination/the right of Israel to exist""}",User agreement
47,1892258570550280200,Negative,{},User agreement
48,1881091030063231200,Positive,"{""Applying double standards to Israel that are not applied to other states (double standard)"",Other,""Calling for violence and hostility against Israel"",""Denying the Jewish people's right to self-determination/the right of Israel to exist"",""Spreading conspiracy theories about Jewish control (power, money, and media)""}",User agreement
49,1745420597084278800,Negative,{},User agreement
50,1773841140489593000,Positive,"{Other,""Calling for violence and hostility against Israel""}",User agreement
51,1746338509190001000,Positive,"{""Calls for harming/killing Jews"",Other,""Calling for violence and hostility against Israel""}",User agreement
52,1851495881784058000,Negative,{},User agreement
53,1856151245762838800,Positive,"{""Spreading conspiracy theories about Jewish control (power, money, and media)"",Other,""Denying the Jewish people's right to self-determination/the right of Israel to exist""}",User agreement
54,1891953164007486000,Irrelevant,{},User agreement
55,1885947749100892700,Positive,"{""Applying double standards to Israel that are not applied to other states (double standard)"",""Comparing Israel and its policies to Nazi Germany"",Other,""Cynical use of the Holocaust and Holocaust denial"",""Calling for violence and hostility against Israel""}",User agreement
56,1880394850111222000,Positive,"{""Comparing Israel and its policies to Nazi Germany"",""Calling for violence and hostility against Israel"",Other,""Denying the Jewish people's right to self-determination/the right of Israel to exist""}",User agreement
58,1822179880714285000,Irrelevant,{},User agreement
57,1756267244244570600,Positive,"{""Applying double standards to Israel that are not applied to other states (double standard)"",Other,""Calling for violence and hostility against Israel"",""Denying the Jewish people's right to self-determination/the right of Israel to exist""}",User agreement
60,1894617746496712700,Positive,"{""Demonization of Jews (portraying them as inferior and despicable)"",""Spreading conspiracy theories about Jewish control (power, money, and media)""}",User agreement
62,1838542090843852800,Irrelevant,{},User agreement
65,1777907755065671700,Positive,"{""Applying double standards to Israel that are not applied to other states (double standard)"",""Calling for violence and hostility against Israel"",""Denying the Jewish people's right to self-determination/the right of Israel to exist""}",User agreement
66,1798634100854862300,Irrelevant,{},User agreement
70,1818941595401724400,Negative,{},User agreement
71,1870424282532372700,Irrelevant,{},User agreement
72,1723930025504981200,Negative,{},User agreement
77,1849210034259120000,Negative,{},User agreement
79,1756139288402793000,Irrelevant,{},User agreement
80,1771050271365562400,Negative,{},User agreement
82,1758751551898940000,Negative,{},User agreement
83,1884628008901685200,Irrelevant,{},User agreement
85,1884450684566671400,Positive,"{""Calls for harming/killing Jews"",""Spreading conspiracy theories about Jewish control (power, money, and media)"",""Blood libels and religiously based antisemitism"",""Demonization of Jews (portraying them as inferior and despicable)""}",User agreement
86,1828200152789930200,Irrelevant,{},User agreement
89,1836211949639790600,Positive,"{""Applying double standards to Israel that are not applied to other states (double standard)"",""Demonization of Jews (portraying them as inferior and despicable)"",Other,""Denying the Jewish people's right to self-determination/the right of Israel to exist""}",User agreement
90,1843900448023163100,Irrelevant,{},User agreement
91,1830515986379969000,Positive,"{""Justifying Nazi ideology""}",User agreement
93,1802438908942438400,Positive,"{""Defaming Jewish symbols"",""Demonization of Jews (portraying them as inferior and despicable)"",Other}",User agreement
94,1870066692061016300,Positive,"{""Demonization of Jews (portraying them as inferior and despicable)"",""Spreading conspiracy theories about Jewish control (power, money, and media)""}",User agreement
95,1870254963479462000,Positive,"{""Demonization of Jews (portraying them as inferior and despicable)"",""Denying the Jewish people's right to self-determination/the right of Israel to exist"",""Blood libels and religiously based antisemitism""}",User agreement
96,1772946275756884200,Irrelevant,{},User agreement
97,1820548633714159900,Positive,"{""Spreading conspiracy theories about Jewish control (power, money, and media)""}",User agreement
98,1792552460843938000,Positive,"{""Spreading conspiracy theories about Jewish control (power, money, and media)"",Other}",User agreement
101,1874997218501186000,Irrelevant,{},User agreement
106,1881809024532070400,Positive,"{Other,""Calling for violence and hostility against Israel""}",User agreement
107,1792566318820106800,Irrelevant,{},User agreement
108,1750803727152542200,Irrelevant,{},User agreement
59,1866413597083271400,Positive,"{Other,""Spreading conspiracy theories about Jewish control (power, money, and media)""}",User agreement
61,1848838599325741300,Negative,{},User agreement
63,1824462989313163800,Irrelevant,{},User agreement
64,1729995122564362800,Positive,"{""Calls for harming/killing Jews""}",User agreement
67,1843756416596881700,Negative,{},User agreement
68,1870417092098584800,Positive,"{""Demonization of Jews (portraying them as inferior and despicable)"",""Spreading conspiracy theories about Jewish control (power, money, and media)"",Other}",User agreement
69,1818267260114313500,Negative,{},User agreement
73,1756263285547229400,Negative,{},User agreement
74,1767792654656676000,Positive,"{Other,""Calling for violence and hostility against Israel"",""Denying the Jewish people's right to self-determination/the right of Israel to exist""}",User agreement
75,1825033694828261400,Negative,{},User agreement
76,1880506350108905700,Positive,"{Other,""Spreading conspiracy theories about Jewish control (power, money, and media)"",""Calling for violence and hostility against Israel"",""Denying the Jewish people's right to self-determination/the right of Israel to exist""}",User agreement
78,1792180924249247700,Positive,"{Other,""Calling for violence and hostility against Israel"",""Denying the Jewish people's right to self-determination/the right of Israel to exist""}",User agreement
81,1710606557963329500,Positive,"{""Applying double standards to Israel that are not applied to other states (double standard)"",""Denying the Jewish people's right to self-determination/the right of Israel to exist""}",User agreement
84,1803264551154262500,Positive,"{""Justifying Nazi ideology"",""Calling for violence and hostility against Israel"",""Denying the Jewish people's right to self-determination/the right of Israel to exist""}",User agreement
87,1742590255625273600,Irrelevant,{},User agreement
88,1756182091979796700,Irrelevant,{},User agreement
92,1830394375500935400,Positive,"{""Demonization of Jews (portraying them as inferior and despicable)"",""Denying the Jewish people's right to self-determination/the right of Israel to exist""}",User agreement
99,1803098622734823700,Irrelevant,{},User agreement
100,1884010963546108000,Positive,"{""Demonization of Jews (portraying them as inferior and despicable)"",Other}",User agreement
102,1884683965493035300,Positive,"{""Spreading conspiracy theories about Jewish control (power, money, and media)"",Other}",User agreement
103,1887304432817201700,Irrelevant,{},User agreement
104,1893783988671496200,Positive,"{""Calling for violence and hostility against Israel"",""Denying the Jewish people's right to self-determination/the right of Israel to exist""}",User agreement
105,1836561164115022000,Irrelevant,{},User agreement
109,1797031569959649500,Positive,"{""Demonization of Jews (portraying them as inferior and despicable)"",""Calling for violence and hostility against Israel""}",User agreement
110,1750741071687250200,Irrelevant,{},User agreement
111,1735784069550706700,Irrelevant,{},User agreement
112,1883428769475768600,Irrelevant,{},User agreement
113,1747135117997552000,Irrelevant,{},User agreement
114,1838960244883382500,Positive,"{""Spreading conspiracy theories about Jewish control (power, money, and media)""}",User agreement
115,1838159553080569900,Negative,{},User agreement
116,1862306773987742200,Positive,"{Other,""Blood libels and religiously based antisemitism""}",User agreement
117,1855320479449358600,Irrelevant,{},User agreement
118,1756067862727532500,Irrelevant,{},User agreement
119,1804644489317020000,Irrelevant,{},User agreement
120,1822191131427230000,Irrelevant,{},User agreement
121,1881520626395234300,Irrelevant,{},User agreement
122,1887696017404883500,Negative,{},User agreement
123,1873812202341438000,Negative,{},User agreement
124,1893550338222723300,Negative,{},User agreement
125,1840683524199788800,Positive,"{""Applying double standards to Israel that are not applied to other states (double standard)"",""Calling for violence and hostility against Israel"",""Denying the Jewish people's right to self-determination/the right of Israel to exist"",""Collective blame of Jews for actions of the State of Israel""}",User agreement
126,1794857368645444000,Positive,"{""Demonization of Jews (portraying them as inferior and despicable)"",""Collective blame of Jews for actions of the State of Israel"",""Comparing Israel and its policies to Nazi Germany"",Other,""Calling for violence and hostility against Israel"",""Denying the Jewish people's right to self-determination/the right of Israel to exist"",""Spreading conspiracy theories about Jewish control (power, money, and media)""}",User agreement
127,1873296707200614700,Positive,"{""Applying double standards to Israel that are not applied to other states (double standard)"",""Demonization of Jews (portraying them as inferior and despicable)"",""Denying the Jewish people's right to self-determination/the right of Israel to exist"",""Collective blame of Jews for actions of the State of Israel""}",User agreement
128,1793582106284884200,Negative,{},User agreement
129,1883846124102115600,Negative,{},User agreement
130,1882107729248186600,Negative,{},User agreement
131,1831199241815118300,Positive,"{""Demonization of Jews (portraying them as inferior and despicable)"",""Spreading conspiracy theories about Jewish control (power, money, and media)"",""Calling for violence and hostility against Israel"",""Collective blame of Jews for actions of the State of Israel""}",User agreement
132,1838329505712136200,Positive,"{""Spreading conspiracy theories about Jewish control (power, money, and media)"",""Denying the Jewish people's right to self-determination/the right of Israel to exist"",""Collective blame of Jews for actions of the State of Israel""}",User agreement
133,1825115515834045000,Negative,{},User agreement
134,1871168303315722500,Negative,{},User agreement
135,1767055708128739300,Negative,{},User agreement
136,1782924539846103300,Positive,"{""Applying double standards to Israel that are not applied to other states (double standard)"",Other}",User agreement
139,1838931933427823000,Positive,"{""Cynical use of the Holocaust and Holocaust denial""}",User agreement
140,1829058255269835000,Negative,{},User agreement
290,1781196684539933000,Positive,"{""Calls for harming/killing Jews"",""Calling for violence and hostility against Israel""}",User agreement
137,1846367395453260000,Positive,"{""Demonization of Jews (portraying them as inferior and despicable)"",""Applying double standards to Israel that are not applied to other states (double standard)"",""Calling for violence and hostility against Israel"",""Denying the Jewish people's right to self-determination/the right of Israel to exist"",""Spreading conspiracy theories about Jewish control (power, money, and media)""}",User agreement
138,1875414494043893800,Negative,{},User agreement
142,1880768789153002000,Positive,"{""Demonization of Jews (portraying them as inferior and despicable)"",""Spreading conspiracy theories about Jewish control (power, money, and media)""}",User agreement
146,1822668032617198000,Negative,{},User agreement
147,1728275405218648300,Positive,"{""Applying double standards to Israel that are not applied to other states (double standard)"",""Spreading conspiracy theories about Jewish control (power, money, and media)"",""Denying the Jewish people's right to self-determination/the right of Israel to exist"",""Calling for violence and hostility against Israel""}",User agreement
152,1854747771745509600,Negative,{},User agreement
153,1873013880798232600,Negative,{},User agreement
154,1864918234064949800,Positive,"{""Demonization of Jews (portraying them as inferior and despicable)"",""Spreading conspiracy theories about Jewish control (power, money, and media)"",Other}",User agreement
157,1880271304160604400,Negative,{},User agreement
158,1851767146319352000,Positive,"{""Calling for violence and hostility against Israel"",""Denying the Jewish people's right to self-determination/the right of Israel to exist""}",User agreement
159,1794495605655650600,Irrelevant,{},User agreement
160,1867403859708326100,Positive,"{""Collective blame of Jews for actions of the State of Israel""}",User agreement
161,1824376712878276900,Irrelevant,{},User agreement
163,1833153106957243000,Negative,{},User agreement
164,1782359087503815000,Positive,"{Other,""Spreading conspiracy theories about Jewish control (power, money, and media)"",""Denying the Jewish people's right to self-determination/the right of Israel to exist""}",User agreement
165,1892449898152272000,Positive,"{""Collective blame of Jews for actions of the State of Israel"",""Applying double standards to Israel that are not applied to other states (double standard)"",""Calling for violence and hostility against Israel"",""Denying the Jewish people's right to self-determination/the right of Israel to exist"",""Spreading conspiracy theories about Jewish control (power, money, and media)""}",User agreement
166,1879273128494592000,Negative,{},User agreement
167,1818108235892867600,Irrelevant,{},User agreement
141,1861907865939689500,Positive,"{""Demonization of Jews (portraying them as inferior and despicable)"",""Spreading conspiracy theories about Jewish control (power, money, and media)""}",User agreement
143,1833968278240460800,Negative,{},User agreement
144,1796380428632560000,Negative,{},User agreement
145,1741445946050011600,Positive,"{""Collective blame of Jews for actions of the State of Israel"",""Applying double standards to Israel that are not applied to other states (double standard)"",""Denying the Jewish people's right to self-determination/the right of Israel to exist"",""Defaming Jewish symbols"",""Calls for harming/killing Jews"",""Calling for violence and hostility against Israel""}",User agreement
148,1794840484168470800,Positive,"{""Cynical use of the Holocaust and Holocaust denial""}",User agreement
149,1759365735829340700,Positive,"{""Collective blame of Jews for actions of the State of Israel"",""Applying double standards to Israel that are not applied to other states (double standard)"",""Denying the Jewish people's right to self-determination/the right of Israel to exist"",""Blood libels and religiously based antisemitism"",""Defaming Jewish symbols"",""Calls for harming/killing Jews"",""Spreading conspiracy theories about Jewish control (power, money, and media)""}",User agreement
150,1822486202404176400,Negative,{},User agreement
151,1863921539864785400,Negative,{},User agreement
155,1740618948394258700,Positive,"{""Demonization of Jews (portraying them as inferior and despicable)"",""Collective blame of Jews for actions of the State of Israel"",""Applying double standards to Israel that are not applied to other states (double standard)"",""Calling for violence and hostility against Israel"",""Denying the Jewish people's right to self-determination/the right of Israel to exist"",""Spreading conspiracy theories about Jewish control (power, money, and media)""}",User agreement
156,1876420358775185700,Negative,{},User agreement
162,1835272530875253200,Irrelevant,{},User agreement
168,1795549799854600400,Irrelevant,{},User agreement
169,1821493032413474800,Negative,{},User agreement
170,1797400366746931500,Irrelevant,{},User agreement
171,1865165607940788200,Positive,"{""Spreading conspiracy theories about Jewish control (power, money, and media)"",""Calling for violence and hostility against Israel""}",User agreement
172,1795976023520993300,Irrelevant,{},User agreement
173,1745376560222507000,Irrelevant,{},User agreement
174,1865463403474481400,Irrelevant,{},User agreement
175,1876700438185013500,Irrelevant,{},User agreement
176,1820196184629109200,Irrelevant,{},User agreement
177,1888743550621295000,Positive,"{""Justifying Nazi ideology""}",User agreement
178,1795520116417007600,Negative,{},User agreement
179,1847790045450949000,Negative,{},User agreement
180,1822823889338356000,Irrelevant,{},User agreement
181,1887334995884114200,Positive,"{""Spreading conspiracy theories about Jewish control (power, money, and media)""}",User agreement
182,1895046621605568500,Irrelevant,{},User agreement
183,1831685948838678500,Irrelevant,{},User agreement
184,1854092675734983200,Irrelevant,{},User agreement
185,1834013428786094600,Irrelevant,{},User agreement
186,1896766516785455000,Positive,"{""Demonization of Jews (portraying them as inferior and despicable)"",""Spreading conspiracy theories about Jewish control (power, money, and media)""}",User agreement
187,1885743893297217500,Positive,"{""Spreading conspiracy theories about Jewish control (power, money, and media)""}",User agreement
188,1840632234878910700,Irrelevant,{},User agreement
189,1892565588377039000,Irrelevant,{},User agreement
190,1870599023146799000,Positive,"{""Spreading conspiracy theories about Jewish control (power, money, and media)""}",User agreement
191,1751767306689237200,Positive,"{Other,""Denying the Jewish people's right to self-determination/the right of Israel to exist""}",User agreement
192,1795643009734005200,Positive,"{""Spreading conspiracy theories about Jewish control (power, money, and media)""}",User agreement
193,1829657738626085000,Positive,"{""Spreading conspiracy theories about Jewish control (power, money, and media)""}",User agreement
194,1883474728679289000,Irrelevant,{},User agreement
195,1824058247353102600,Irrelevant,{},User agreement
196,1712170219047616800,Positive,"{Other,""Denying the Jewish people's right to self-determination/the right of Israel to exist"",""Calling for violence and hostility against Israel""}",User agreement
197,1759043162981773600,Positive,"{Other,""Calling for violence and hostility against Israel""}",User agreement
198,1764580896425058800,Irrelevant,{},User agreement
199,1854779000000070100,Positive,"{""Demonization of Jews (portraying them as inferior and despicable)"",""Applying double standards to Israel that are not applied to other states (double standard)"",""Calling for violence and hostility against Israel"",""Denying the Jewish people's right to self-determination/the right of Israel to exist"",""Spreading conspiracy theories about Jewish control (power, money, and media)""}",User agreement
200,1776135526304961000,Positive,"{""Justifying Nazi ideology"",""Denying the Jewish people's right to self-determination/the right of Israel to exist""}",Pro user
201,1854855842744434700,Negative,{},Pro user
202,1842055813873168600,Negative,{},Pro user
203,1820755460301160700,Negative,{},Pro user
204,1871368190410019000,Positive,"{Other,""Justifying Nazi ideology""}",Pro user
205,1881412423011463400,Irrelevant,{},Pro user
206,1797069516117307600,Negative,{},Pro user
207,1750342962561835300,Negative,{},Pro user
208,1841989004599951400,Positive,"{""Comparing Israel and its policies to Nazi Germany"",Other}",Pro user
209,1868319628302455000,Irrelevant,{},Pro user
210,1823785328681083100,Negative,{},Pro user
211,1798674639553806300,Positive,{Other},Pro user
212,1893316790266081300,Positive,"{""Justifying Nazi ideology"",Other}",Pro user
213,1822487643688747300,Positive,{Other},Pro user
214,1856499937229582800,Negative,{},Pro user
215,1895992439409951200,Positive,"{""Calls for harming/killing Jews""}",Pro user
216,1865388358442144300,Irrelevant,{},Pro user
294,1817377926280884500,Negative,{},User agreement
217,1886359892773982500,Positive,"{""Collective blame of Jews for actions of the State of Israel"",""Applying double standards to Israel that are not applied to other states (double standard)""}",Pro user
218,1884264526973133000,Negative,{},Pro user
219,1866623068870939100,Irrelevant,{},Pro user
220,1756089766083474000,Positive,"{""Spreading conspiracy theories about Jewish control (power, money, and media)""}",Pro user
221,1793858328290050600,Positive,"{""Justifying Nazi ideology""}",Pro user
222,1845432006072479700,Negative,{},Pro user
223,1840728422836035600,Irrelevant,{},Pro user
224,1721048691128295700,Positive,{Other},Pro user
225,1800409693703274800,Irrelevant,{},Pro user
226,1718376488280666400,Positive,"{""Applying double standards to Israel that are not applied to other states (double standard)"",""Collective blame of Jews for actions of the State of Israel""}",Pro user
227,1791663452953420300,Positive,"{""Justifying Nazi ideology""}",Pro user
228,1865384854424039700,Irrelevant,{},Pro user
229,1803289152521380000,Irrelevant,{},Pro user
230,1896726728871161900,Positive,"{""Justifying Nazi ideology""}",Pro user
231,1864283410807525600,Irrelevant,{},Pro user
232,1828396570061987800,Positive,"{""Spreading conspiracy theories about Jewish control (power, money, and media)""}",Pro user
233,1800452572391809300,Positive,"{""Applying double standards to Israel that are not applied to other states (double standard)"",""Collective blame of Jews for actions of the State of Israel""}",Pro user
234,1771049696095555800,Positive,{Other},Pro user
235,1896389880449761500,Positive,"{""Denying the Jewish people's right to self-determination/the right of Israel to exist"",Other}",Pro user
236,1794430426372772000,Irrelevant,{},Pro user
237,1872913797494780200,Negative,{},Pro user
238,1795378182037909500,Positive,"{""Calling for violence and hostility against Israel""}",Pro user
239,1772567296063525000,Negative,{},Pro user
240,1794719730248581400,Negative,{},Pro user
241,1855880783451357700,Positive,{Other},Pro user
242,1818586536101003300,Negative,{},Pro user
243,1838374687707140000,Positive,{Other},Pro user
244,1891848967253541000,Negative,{},Pro user
245,1814806429288853800,Irrelevant,{},Pro user
246,1753239988500943400,Irrelevant,{},Pro user
247,1794945715858543000,Irrelevant,{},Pro user
248,1793263303529226500,Positive,"{""Justifying Nazi ideology""}",Pro user
249,1712756308255150300,Positive,"{""Collective blame of Jews for actions of the State of Israel"",""Applying double standards to Israel that are not applied to other states (double standard)""}",Pro user
250,1812637841853452500,Negative,{},Pro user
251,1794578578497241300,Positive,"{""Denying the Jewish people's right to self-determination/the right of Israel to exist""}",Pro user
252,1883427493732053200,Irrelevant,{},Pro user
253,1821486987976798700,Positive,"{""Justifying Nazi ideology""}",Pro user
254,1886601651961913300,Irrelevant,{},Pro user
255,1893585377539359200,Irrelevant,{},Pro user
256,1848455235670352000,Irrelevant,{},Pro user
257,1790627113676231200,Irrelevant,{},Pro user
258,1895251361278894300,Positive,"{""Spreading conspiracy theories about Jewish control (power, money, and media)""}",Pro user
259,1881094067586847000,Irrelevant,{},Pro user
260,1860886203777618200,Positive,"{""Justifying Nazi ideology""}",Pro user
261,1730503602865873000,Positive,"{""Collective blame of Jews for actions of the State of Israel"",""Denying the Jewish people's right to self-determination/the right of Israel to exist"",""Applying double standards to Israel that are not applied to other states (double standard)""}",Pro user
262,1893550831703581000,Negative,{},Pro user
263,1806843252286603500,Irrelevant,{},Pro user
264,1880775626124317200,Irrelevant,{},Pro user
265,1822467983966703900,Irrelevant,{},Pro user
266,1785995936906510600,Irrelevant,{},Pro user
267,1827282659778949000,Negative,{},Pro user
268,1818021779434259000,Irrelevant,{},Pro user
269,1749202713047634200,Positive,"{""Comparing Israel and its policies to Nazi Germany"",Other}",Pro user
270,1867781234988085500,Positive,"{""Denying the Jewish people's right to self-determination/the right of Israel to exist"",""Applying double standards to Israel that are not applied to other states (double standard)""}",Pro user
271,1867403873398521900,Positive,{Other},Pro user
272,1882176487375487200,Negative,{},Pro user
273,1852736769843749400,Positive,"{""Spreading conspiracy theories about Jewish control (power, money, and media)""}",Pro user
274,1873081963277631500,Positive,"{""Demonization of Jews (portraying them as inferior and despicable)""}",Pro user
275,1843546977960669400,Irrelevant,{},Pro user
276,1848151855236293000,Negative,{},Pro user
277,1877957283755303400,Positive,"{""Spreading conspiracy theories about Jewish control (power, money, and media)""}",Pro user
278,1876803199924928800,Irrelevant,{},Pro user
279,1828771301944918300,Negative,{},Pro user
280,1748532417017811200,Irrelevant,{},Pro user
281,1841003461539959000,Irrelevant,{},Pro user
282,1886119815460368400,Irrelevant,{},Pro user
283,1852409123842994400,Positive,{Other},Pro user
284,1789609992594895000,Negative,{},Pro user
285,1836686301581672400,Irrelevant,{},User agreement
286,1757640983972626700,Negative,{},User agreement
287,1822985534823645200,Irrelevant,{},User agreement
288,1811301709253333200,Positive,"{""Denying the Jewish people's right to self-determination/the right of Israel to exist""}",User agreement
289,1743044541454983200,Positive,"{""Demonization of Jews (portraying them as inferior and despicable)"",""Collective blame of Jews for actions of the State of Israel"",""Comparing Israel and its policies to Nazi Germany"",""Denying the Jewish people's right to self-determination/the right of Israel to exist"",""Spreading conspiracy theories about Jewish control (power, money, and media)""}",User agreement
295,1818942219900052000,Negative,{},User agreement
291,1840516621028221000,Positive,"{""Spreading conspiracy theories about Jewish control (power, money, and media)""}",User agreement
292,1867403876594594000,Negative,{},User agreement
293,1878101848030392600,Irrelevant,{},User agreement
297,1836808680655786500,Negative,{},User agreement
299,1783479713505448000,Irrelevant,{},User agreement
300,1870071456081817600,Positive,"{""Demonization of Jews (portraying them as inferior and despicable)"",""Collective blame of Jews for actions of the State of Israel"",Other,""Denying the Jewish people's right to self-determination/the right of Israel to exist"",""Defaming Jewish symbols""}",User agreement
301,1889916010855276800,Positive,"{""Applying double standards to Israel that are not applied to other states (double standard)"",""Denying the Jewish people's right to self-determination/the right of Israel to exist"",""Collective blame of Jews for actions of the State of Israel""}",User agreement
302,1865863122730545200,Negative,{},User agreement
307,1818538644011204900,Negative,{},User agreement
308,1877404226860511500,Irrelevant,{},User agreement
309,1837792632942350600,Negative,{},User agreement
310,1788458395248578800,Irrelevant,{},User agreement
311,1888373835772449000,Positive,"{""Applying double standards to Israel that are not applied to other states (double standard)"",""Demonization of Jews (portraying them as inferior and despicable)"",""Spreading conspiracy theories about Jewish control (power, money, and media)"",""Denying the Jewish people's right to self-determination/the right of Israel to exist""}",User agreement
312,1895537830077870000,Irrelevant,{},User agreement
296,1822962536616014000,Positive,"{""Demonization of Jews (portraying them as inferior and despicable)"",""Calling for violence and hostility against Israel""}",User agreement
298,1836937085573267500,Positive,"{""Applying double standards to Israel that are not applied to other states (double standard)"",""Calling for violence and hostility against Israel"",""Denying the Jewish people's right to self-determination/the right of Israel to exist""}",User agreement
303,1718162482395750400,Positive,"{""Demonization of Jews (portraying them as inferior and despicable)"",""Denying the Jewish people's right to self-determination/the right of Israel to exist""}",User agreement
304,1710583473604604200,Positive,"{""Demonization of Jews (portraying them as inferior and despicable)"",""Applying double standards to Israel that are not applied to other states (double standard)"",Other,""Denying the Jewish people's right to self-determination/the right of Israel to exist"",""Spreading conspiracy theories about Jewish control (power, money, and media)""}",User agreement
305,1822956336508018700,Positive,"{""Spreading conspiracy theories about Jewish control (power, money, and media)"",Other,""Denying the Jewish people's right to self-determination/the right of Israel to exist""}",User agreement
306,1820618757758472200,Negative,{},User agreement
313,1799410568467726600,Positive,"{""Calling for violence and hostility against Israel"",""Denying the Jewish people's right to self-determination/the right of Israel to exist""}",User agreement
314,1802339810616431000,Irrelevant,{},User agreement
315,1802160675827167500,Irrelevant,{},User agreement
316,1840925996532600800,Negative,{},User agreement
317,1845076610258698500,Positive,"{""Demonization of Jews (portraying them as inferior and despicable)"",""Spreading conspiracy theories about Jewish control (power, money, and media)""}",User agreement
318,1735615039946867000,Positive,"{""Applying double standards to Israel that are not applied to other states (double standard)"",""Calling for violence and hostility against Israel"",""Denying the Jewish people's right to self-determination/the right of Israel to exist""}",User agreement
319,1891715551325553000,Positive,"{""Demonization of Jews (portraying them as inferior and despicable)"",Other}",User agreement
320,1726337256599016000,Positive,"{""Applying double standards to Israel that are not applied to other states (double standard)"",Other,""Denying the Jewish people's right to self-determination/the right of Israel to exist"",""Calling for violence and hostility against Israel""}",User agreement
321,1822313518773010400,Irrelevant,{},User agreement
322,1764213922872307700,Irrelevant,{},User agreement
323,1800499502597722400,Negative,{},User agreement
324,1879664907106587100,Positive,"{""Applying double standards to Israel that are not applied to other states (double standard)"",Other,""Denying the Jewish people's right to self-determination/the right of Israel to exist""}",User agreement
325,1782917671560089900,Positive,{Other},User agreement
326,1892404777503408400,Irrelevant,{},User agreement
327,1886221397061767400,Irrelevant,{},User agreement
328,1819267913523888400,Positive,"{""Applying double standards to Israel that are not applied to other states (double standard)"",Other,""Denying the Jewish people's right to self-determination/the right of Israel to exist"",""Calling for violence and hostility against Israel""}",User agreement
329,1811690500908618200,Positive,"{""Applying double standards to Israel that are not applied to other states (double standard)"",Other,""Denying the Jewish people's right to self-determination/the right of Israel to exist""}",User agreement
330,1777580298089185300,Irrelevant,{},User agreement
331,1854676598844248600,Negative,{},User agreement
332,1894126645688373500,Irrelevant,{},User agreement
333,1883555717430608000,Negative,{},User agreement
334,1888121732768420000,Positive,"{""Spreading conspiracy theories about Jewish control (power, money, and media)"",Other}",User agreement
335,1751047531289875000,Positive,"{""Demonization of Jews (portraying them as inferior and despicable)"",""Spreading conspiracy theories about Jewish control (power, money, and media)"",Other,""Denying the Jewish people's right to self-determination/the right of Israel to exist""}",User agreement
336,1822444658058048000,Irrelevant,{},User agreement
337,1731053368863572000,Positive,"{""Applying double standards to Israel that are not applied to other states (double standard)"",""Denying the Jewish people's right to self-determination/the right of Israel to exist"",""Blood libels and religiously based antisemitism""}",User agreement
338,1870037964971225000,Positive,"{""Justifying Nazi ideology"",Other,""Spreading conspiracy theories about Jewish control (power, money, and media)""}",User agreement
339,1855716861830455300,Irrelevant,{},User agreement
340,1784449748273078300,Negative,{},User agreement
341,1823128273775440000,Irrelevant,{},User agreement
342,1870693649803334000,Positive,"{""Demonization of Jews (portraying them as inferior and despicable)"",""Spreading conspiracy theories about Jewish control (power, money, and media)"",""Blood libels and religiously based antisemitism""}",User agreement
343,1824450461069611500,Irrelevant,{},User agreement
344,1868415821040796200,Irrelevant,{},User agreement
345,1887092969964175400,Irrelevant,{},Pro user
346,1880078277530013700,Negative,{},Pro user
347,1878098055695835400,Irrelevant,{},Pro user
348,1783256643964453000,Negative,{},Pro user
349,1851796508892631600,Negative,{},Pro user
350,1786955870959747600,Positive,{Other},Pro user
351,1795973765794332700,Irrelevant,{},Pro user
352,1878097503486370000,Negative,{},Pro user
353,1755858468169458000,Negative,{},Pro user
354,1756182327221452800,Negative,{},Pro user
355,1841227836461638100,Negative,{},Pro user
356,1737762986796946000,Negative,{},Pro user
357,1874422711101087700,Negative,{},Pro user
358,1868821371167580400,Irrelevant,{},Pro user
359,1779058209040499000,Negative,{},Pro user
360,1743934103081161000,Negative,{},User agreement
361,1877645970181423600,Negative,{},User agreement
362,1822909874612887600,Negative,{},User agreement
363,1711879155149951200,Positive,"{""Demonization of Jews (portraying them as inferior and despicable)"",Other,""Calling for violence and hostility against Israel""}",User agreement
364,1883343052980548000,Positive,"{""Demonization of Jews (portraying them as inferior and despicable)"",Other,""Blood libels and religiously based antisemitism""}",User agreement
368,1824816693039997400,Positive,"{""Calling for violence and hostility against Israel"",""Denying the Jewish people's right to self-determination/the right of Israel to exist""}",User agreement
369,1791787443294994400,Positive,"{""Demonization of Jews (portraying them as inferior and despicable)"",""Calling for violence and hostility against Israel"",""Denying the Jewish people's right to self-determination/the right of Israel to exist"",""Collective blame of Jews for actions of the State of Israel""}",User agreement
371,1869220564000481800,Irrelevant,{},User agreement
372,1889424325427830800,Irrelevant,{},User agreement
373,1718024789812789200,Negative,{},User agreement
374,1893432160607928600,Irrelevant,{},User agreement
375,1854472837152882700,Irrelevant,{},User agreement
377,1717126086155489300,Positive,"{""Applying double standards to Israel that are not applied to other states (double standard)"",Other,""Denying the Jewish people's right to self-determination/the right of Israel to exist""}",User agreement
379,1792851815912161500,Positive,"{""Spreading conspiracy theories about Jewish control (power, money, and media)"",Other}",User agreement
380,1737413363377054000,Positive,"{""Spreading conspiracy theories about Jewish control (power, money, and media)""}",User agreement
381,1820157721540166000,Irrelevant,{},User agreement
382,1767353584293909000,Positive,"{""Calling for violence and hostility against Israel"",""Collective blame of Jews for actions of the State of Israel""}",User agreement
383,1798249179321647400,Negative,{},User agreement
384,1877998402652283100,Positive,"{""Demonization of Jews (portraying them as inferior and despicable)"",""Collective blame of Jews for actions of the State of Israel"",""Applying double standards to Israel that are not applied to other states (double standard)"",""Calling for violence and hostility against Israel"",""Denying the Jewish people's right to self-determination/the right of Israel to exist"",""Blood libels and religiously based antisemitism"",""Spreading conspiracy theories about Jewish control (power, money, and media)""}",User agreement
387,1796669802876178400,Irrelevant,{},User agreement
388,1894343653633462500,Irrelevant,{},User agreement
389,1743044545166881000,Positive,"{""Demonization of Jews (portraying them as inferior and despicable)"",""Collective blame of Jews for actions of the State of Israel"",""Applying double standards to Israel that are not applied to other states (double standard)"",Other,""Calling for violence and hostility against Israel"",""Denying the Jewish people's right to self-determination/the right of Israel to exist"",""Blood libels and religiously based antisemitism"",""Defaming Jewish symbols"",""Spreading conspiracy theories about Jewish control (power, money, and media)""}",User agreement
365,1871039184187822300,Positive,"{""Calls for harming/killing Jews""}",User agreement
366,1740230260481032200,Negative,{},User agreement
367,1878279199846478300,Irrelevant,{},User agreement
370,1846461193726447900,Irrelevant,{},User agreement
376,1866483144314216700,Irrelevant,{},User agreement
378,1711308024290464000,Positive,"{""Applying double standards to Israel that are not applied to other states (double standard)"",Other,""Denying the Jewish people's right to self-determination/the right of Israel to exist"",""Collective blame of Jews for actions of the State of Israel""}",User agreement
385,1878907977115242500,Negative,{},User agreement
386,1862133863440404500,Irrelevant,{},User agreement
390,1876177171976462300,Positive,"{""Spreading conspiracy theories about Jewish control (power, money, and media)""}",User agreement
391,1889575609975579000,Negative,{},User agreement
392,1852110482812920300,Irrelevant,{},User agreement
393,1889882838146884000,Negative,{},User agreement
394,1756078328430436400,Negative,{},User agreement
395,1870420311520473300,Positive,"{""Demonization of Jews (portraying them as inferior and despicable)"",""Spreading conspiracy theories about Jewish control (power, money, and media)""}",User agreement
396,1819811720983908900,Negative,{},User agreement
397,1867602409918189600,Irrelevant,{},User agreement
398,1834955274886824200,Irrelevant,{},User agreement
399,1854906733006651600,Positive,"{Other,""Spreading conspiracy theories about Jewish control (power, money, and media)""}",User agreement
400,1746345126371443200,Positive,"{""Applying double standards to Israel that are not applied to other states (double standard)"",""Calls for harming/killing Jews"",""Denying the Jewish people's right to self-determination/the right of Israel to exist""}",User agreement
401,1867403862593921000,Positive,"{""Applying double standards to Israel that are not applied to other states (double standard)"",""Collective blame of Jews for actions of the State of Israel"",""Denying the Jewish people's right to self-determination/the right of Israel to exist"",""Blood libels and religiously based antisemitism""}",User agreement
402,1772581333740695800,Irrelevant,{},User agreement
403,1868656476325384400,Irrelevant,{},User agreement
404,1889020490632614400,Negative,{},User agreement
405,1826611447843225900,Irrelevant,{},User agreement
406,1763863686563955000,Positive,"{""Collective blame of Jews for actions of the State of Israel"",""Applying double standards to Israel that are not applied to other states (double standard)"",""Comparing Israel and its policies to Nazi Germany"",""Denying the Jewish people's right to self-determination/the right of Israel to exist"",""Blood libels and religiously based antisemitism""}",User agreement
407,1821126967413948700,Negative,{},User agreement
408,1869209998179643400,Positive,"{""Applying double standards to Israel that are not applied to other states (double standard)"",Other,""Denying the Jewish people's right to self-determination/the right of Israel to exist"",""Calling for violence and hostility against Israel""}",User agreement
409,1764537287474565400,Positive,"{""Applying double standards to Israel that are not applied to other states (double standard)"",""Denying the Jewish people's right to self-determination/the right of Israel to exist"",""Collective blame of Jews for actions of the State of Israel""}",User agreement
410,1793024579666927900,Irrelevant,{},User agreement
411,1886932832519676400,Irrelevant,{},User agreement
412,1794847173894631700,Irrelevant,{},User agreement
413,1873801825503289300,Irrelevant,{},User agreement
414,1879945050609848800,Irrelevant,{},User agreement
415,1795928261425508900,Negative,{},User agreement
416,1731260240820359400,Positive,"{""Applying double standards to Israel that are not applied to other states (double standard)"",""Calling for violence and hostility against Israel"",""Denying the Jewish people's right to self-determination/the right of Israel to exist""}",User agreement
417,1819480688665440500,Positive,"{""Spreading conspiracy theories about Jewish control (power, money, and media)""}",User agreement
418,1798886287836926200,Positive,"{""Collective blame of Jews for actions of the State of Israel"",""Applying double standards to Israel that are not applied to other states (double standard)"",Other,""Denying the Jewish people's right to self-determination/the right of Israel to exist"",""Blood libels and religiously based antisemitism"",""Calling for violence and hostility against Israel""}",User agreement
419,1877145421241368800,Negative,{},User agreement
420,1795087824015728600,Negative,{},User agreement
421,1823834267807572200,Negative,{},User agreement
422,1867403865290944800,Positive,"{""Applying double standards to Israel that are not applied to other states (double standard)"",Other,""Denying the Jewish people's right to self-determination/the right of Israel to exist"",""Collective blame of Jews for actions of the State of Israel""}",User agreement
423,1894610465373958100,Negative,{},User agreement
424,1721429407607505200,Positive,"{""Applying double standards to Israel that are not applied to other states (double standard)"",""Calls for harming/killing Jews"",""Denying the Jewish people's right to self-determination/the right of Israel to exist""}",User agreement
425,1871426925618762200,Positive,"{""Applying double standards to Israel that are not applied to other states (double standard)"",""Calls for harming/killing Jews"",""Calling for violence and hostility against Israel"",""Denying the Jewish people's right to self-determination/the right of Israel to exist""}",User agreement
426,1886965853209395200,Negative,{},User agreement
427,1831411263316119600,Negative,{},User agreement
428,1848845407096554000,Negative,{},User agreement
429,1853124926384791800,Negative,{},User agreement
430,1760547409317519400,Positive,"{""Collective blame of Jews for actions of the State of Israel"",""Applying double standards to Israel that are not applied to other states (double standard)"",""Calling for violence and hostility against Israel"",""Denying the Jewish people's right to self-determination/the right of Israel to exist"",""Calls for harming/killing Jews"",""Spreading conspiracy theories about Jewish control (power, money, and media)""}",User agreement
431,1803507273068892400,Irrelevant,{},User agreement
432,1837101512239047200,Negative,{},User agreement
433,1886841504397975600,Negative,{},User agreement
434,1822941598436753400,Negative,{},Pro user
435,1856017985829245000,Negative,{},Pro user
436,1881823779883810800,Negative,{},Pro user
437,1772188683665285400,Negative,{},Pro user
438,1857663553907446300,Negative,{},Pro user
439,1816909216680223200,Negative,{},Pro user
440,1853375386999992600,Negative,{},Pro user
441,1745028273791521000,Negative,{},Pro user
442,1850762684092096800,Negative,{},Pro user
443,1870642789467517400,Negative,{},Pro user
444,1794080344469320000,Negative,{},Pro user
445,1896684018588102700,Negative,{},Pro user
446,1796093321133109200,Negative,{},Pro user
447,1758998312181711000,Positive,"{""Spreading conspiracy theories about Jewish control (power, money, and media)""}",Pro user
448,1802469422290145500,Positive,{Other},Pro user
449,1886314866929262800,Negative,{},Pro user
450,1856155047953887500,Negative,{},Pro user
451,1817483165365067800,Negative,{},Pro user
452,1851838279231976000,Negative,{},Pro user
453,1807340747928257000,Negative,{},Pro user
454,1883512367386108200,Positive,{Other},Pro user
455,1872278341455356200,Negative,{},Pro user
456,1812642596034068500,Positive,"{""Collective blame of Jews for actions of the State of Israel""}",Pro user
457,1822952027460366600,Negative,{},Pro user
458,1862117833838071800,Negative,{},Pro user
459,1806605841057173800,Negative,{},Pro user
460,1871753786429243600,Negative,{},Pro user
461,1883981501857161500,Negative,{},Pro user
462,1812259170282000600,Positive,{Other},Pro user
463,1873799840984941000,Negative,{},Pro user
464,1719576151788830700,Positive,{Other},Pro user
465,1846951659219411500,Negative,{},Pro user
466,1822668544624271400,Negative,{},Pro user
467,1867403870504411100,Negative,{},Pro user
468,1796429908526408000,Negative,{},Pro user
469,1889565159804252200,Negative,{},Pro user
470,1856631843023712500,Negative,{},Pro user
471,1812414507534504000,Negative,{},Pro user
472,1801719255395930400,Negative,{},Pro user
473,1800081084014797000,Negative,{},Pro user
474,1855021414795166000,Negative,{},Pro user
475,1850903794000777700,Negative,{},Pro user
476,1727821477326828000,Positive,{Other},Pro user
477,1883286283994497300,Negative,{},Pro user
478,1820606627957104600,Negative,{},Pro user
479,1888674642853806000,Negative,{},Pro user
480,1843593597691801600,Negative,{},Pro user
481,1877919070739120600,Negative,{},Pro user
482,1894631524617916400,Positive,"{""Collective blame of Jews for actions of the State of Israel"",""Denying the Jewish people's right to self-determination/the right of Israel to exist""}",Pro user
483,1856167385222324700,Negative,{},Pro user
484,1844984697597854000,Negative,{},Pro user
485,1863940231679885800,Negative,{},Pro user
486,1852851667772834300,Negative,{},Pro user
487,1841598562414821400,Negative,{},Pro user
488,1753332895492788500,Positive,"{""Denying the Jewish people's right to self-determination/the right of Israel to exist""}",Pro user
489,1828982585403552300,Negative,{},Pro user
490,1885354057428095200,Negative,{},Pro user
491,1794905651896037600,Positive,{Other},Pro user
492,1736023615827796500,Positive,{Other},Pro user
493,1801985592500359700,Negative,{},Pro user
494,1791029318120075300,Negative,{},Pro user
495,1795035558894289200,Negative,{},Pro user
496,1818419728245047800,Negative,{},Pro user
497,1713153259438039600,Negative,{},Pro user
498,1884254674259431400,Negative,{},Pro user
499,1786902103988097000,Negative,{},Pro user
500,1885357429006667800,Negative,{},Pro user
501,1729630371464003800,Negative,{},Pro user
502,1785449969836777500,Positive,"{""Spreading conspiracy theories about Jewish control (power, money, and media)""}",Pro user
503,1860805929819623400,Negative,{},Pro user
504,1711640516784493000,Negative,{},Pro user
505,1802938603338870800,Negative,{},Pro user
506,1880329755242951000,Negative,{},Pro user
507,1880251093470646500,Negative,{},Pro user
508,1828010654382645200,Negative,{},Pro user
509,1866611154052657200,Negative,{},Pro user
510,1867249151114973200,Negative,{},Pro user
511,1884573428105019400,Negative,{},Pro user
512,1732010421777805600,Negative,{},Pro user
513,1878965410445595000,Negative,{},Pro user
514,1832896855212262000,Negative,{},Pro user
515,1789208574952096000,Negative,{},Pro user
516,1803256503010468000,Negative,{},Pro user
517,1876803771050721500,Negative,{},Pro user
518,1796661373210136800,Negative,{},Pro user
519,1796467142906560800,Negative,{},Pro user
520,1798510370593837300,Negative,{},Pro user
521,1786633578891325700,Negative,{},Pro user
522,1828659645801759000,Negative,{},Pro user
523,1815839347163423000,Negative,{},Pro user
524,1886774149592293400,Negative,{},Pro user
525,1794361779826676200,Negative,{},Pro user
526,1892835309135810600,Negative,{},Pro user
527,1802339926656287000,Negative,{},Pro user
528,1732242164334432800,Negative,{},Pro user
529,1757935895968366600,Negative,{},Pro user
530,1847645646741799400,Negative,{},Pro user
531,1891567264731730200,Positive,{Other},Pro user
532,1824994732080345300,Negative,{},Pro user
533,1879266699054362600,Positive,{Other},Pro user
534,1867119970846663000,Negative,{},Pro user
535,1885871804515811600,Negative,{},Pro user
536,1877762712400204300,Positive,"{""Spreading conspiracy theories about Jewish control (power, money, and media)""}",Pro user
537,1856906695059951900,Negative,{},Pro user
538,1870776002571604200,Negative,{},Pro user
539,1864227621237870600,Negative,{},Pro user
540,1798123209868611600,Negative,{},Pro user
541,1794176328838852900,Negative,{},Pro user
542,1887078389573456100,Negative,{},Pro user
543,1873558881571569700,Negative,{},Pro user
544,1796040813153046800,Negative,{},Pro user
545,1762779083187057200,Negative,{},Pro user
546,1820479158054703000,Negative,{},Pro user
547,1807267817148031200,Negative,{},Pro user
548,1840421885835682300,Negative,{},Pro user
549,1745649418945400800,Positive,"{""Collective blame of Jews for actions of the State of Israel""}",Pro user
550,1842155438592393700,Negative,{},Pro user
551,1874311643758551300,Negative,{},Pro user
552,1778587610476380700,Negative,{},Pro user
553,1817503342832337200,Negative,{},Pro user
554,1813083176732139800,Negative,{},Pro user
555,1824769152890060800,Negative,{},Pro user
556,1780051305924538400,Negative,{},Pro user
557,1884074063393661200,Negative,{},Pro user
558,1819820612635996200,Negative,{},Pro user
559,1888993298125131800,Negative,{},Pro user
560,1821332535999394000,Negative,{},Pro user
561,1756212501149266200,Positive,{Other},Pro user
562,1880867388167770000,Positive,{Other},Pro user
563,1876303418412925200,Positive,"{""Spreading conspiracy theories about Jewish control (power, money, and media)""}",Pro user
564,1865395361583382500,Negative,{},Pro user
565,1853953827650887700,Negative,{},Pro user
566,1854719993427935500,Negative,{},Pro user
567,1882223769978315000,Positive,"{""Spreading conspiracy theories about Jewish control (power, money, and media)""}",Pro user
568,1817118865392042200,Negative,{},Pro user
569,1847064136821493800,Negative,{},Pro user
570,1783285109682319600,Irrelevant,{},Pro user
571,1821257191028093000,Negative,{},Pro user
572,1763490528702972000,Irrelevant,{},Pro user
573,1822488925237346800,Irrelevant,{},Pro user
574,1822662207320285400,Negative,{},Pro user
575,1838940270798500000,Negative,{},Pro user
576,1831345788028592400,Positive,"{""Justifying Nazi ideology""}",Pro user
577,1756821697695735800,Positive,"{""Applying double standards to Israel that are not applied to other states (double standard)"",""Comparing Israel and its policies to Nazi Germany"",""Collective blame of Jews for actions of the State of Israel""}",Pro user
578,1872825999018345000,Irrelevant,{},Pro user
579,1868090429113254100,Positive,"{""Spreading conspiracy theories about Jewish control (power, money, and media)""}",Pro user
580,1889491115826389200,Irrelevant,{},Pro user
581,1747006807279903000,Irrelevant,{},Pro user
582,1886554424744796200,Negative,{},Pro user
583,1817488401970438700,Negative,{},Pro user
584,1851414602686349300,Negative,{},Pro user
585,1813158825522053000,Positive,{Other},Pro user
586,1822585516145221600,Positive,"{""Justifying Nazi ideology""}",Pro user
587,1836187464467386600,Irrelevant,{},Pro user
588,1819721414364328200,Negative,{},Pro user
589,1886310902456271000,Positive,"{""Justifying Nazi ideology""}",Pro user
590,1894033692131037400,Irrelevant,{},Pro user
591,1889326039857287400,Positive,"{""Justifying Nazi ideology""}",Pro user
592,1798181963557413000,Positive,{Other},Pro user
593,1883372290681066000,Irrelevant,{},Pro user
594,1894964618650321400,Positive,"{""Spreading conspiracy theories about Jewish control (power, money, and media)""}",Pro user
595,1883753956750549200,Positive,"{""Comparing Israel and its policies to Nazi Germany"",""Applying double standards to Israel that are not applied to other states (double standard)"",""Collective blame of Jews for actions of the State of Israel""}",Pro user
596,1884060353786699800,Irrelevant,{},Pro user
597,1853375766513209900,Negative,{},Pro user
598,1726013545337499600,Negative,{},Pro user
599,1786344541689397500,Positive,{Other},Pro user
600,1829279278325989400,Positive,"{""Applying double standards to Israel that are not applied to other states (double standard)"",Other}",Pro user
601,1785449973704016000,Positive,"{""Spreading conspiracy theories about Jewish control (power, money, and media)""}",Pro user
602,1845720272114200800,Positive,"{""Applying double standards to Israel that are not applied to other states (double standard)"",""Comparing Israel and its policies to Nazi Germany"",""Collective blame of Jews for actions of the State of Israel""}",Pro user
603,1890390357533167900,Irrelevant,{},Pro user
604,1899949203763437800,Negative,{},Pro user
605,1829976242235294000,Negative,{},Pro user
606,1890334963687399700,Positive,"{""Spreading conspiracy theories about Jewish control (power, money, and media)"",""Demonization of Jews (portraying them as inferior and despicable)"",Other}",User agreement
607,1795264563870638300,Positive,"{""Collective blame of Jews for actions of the State of Israel"",Other,""Blood libels and religiously based antisemitism"",""Demonization of Jews (portraying them as inferior and despicable)""}",User agreement
608,1794853197137453000,Irrelevant,{},User agreement
609,1887719801683849700,Positive,"{""Calling for violence and hostility against Israel""}",User agreement
610,1777873640400605200,Negative,{},User agreement
611,1795187922905215500,Negative,{},User agreement
612,1840303430096552200,Positive,{Other},User agreement
613,1804275545393557800,Positive,"{""Cynical use of the Holocaust and Holocaust denial"",""Justifying Nazi ideology"",""Calls for harming/killing Jews""}",User agreement
614,1795244531983724800,Irrelevant,{},User agreement
615,1852619639391707400,Irrelevant,{},User agreement
616,1795774429991162000,Negative,{},User agreement
617,1799746068307231000,Irrelevant,{},User agreement
619,1818777514703253800,Negative,{},User agreement
620,1886793193355628800,Negative,{},User agreement
618,1878926550504182300,Negative,{},User agreement
621,1804337836117934600,Negative,{},Pro user
622,1892412534486954500,Irrelevant,{},Pro user
623,1738148698847396000,Positive,{Other},Pro user
624,1839587893188190500,Negative,{},User agreement
625,1886550358832410600,Negative,{},User agreement
626,1776003764106993700,Positive,"{""Demonization of Jews (portraying them as inferior and despicable)"",""Spreading conspiracy theories about Jewish control (power, money, and media)"",Other}",User agreement
627,1723810975168573400,Positive,"{""Applying double standards to Israel that are not applied to other states (double standard)"",Other}",User agreement
628,1825802192248516600,Negative,{},User agreement
629,1789057116277231900,Negative,{},User agreement
630,1762390008735158500,Negative,{},User agreement
631,1894509146441232600,Negative,{},User agreement
632,1855418734187287000,Positive,"{""Spreading conspiracy theories about Jewish control (power, money, and media)"",Other}",User agreement
633,1822502982774391300,Negative,{},User agreement
634,1761601671682310100,Positive,"{""Demonization of Jews (portraying them as inferior and despicable)"",""Spreading conspiracy theories about Jewish control (power, money, and media)"",""Collective blame of Jews for actions of the State of Israel""}",User agreement
635,1751187645668180200,Irrelevant,{},User agreement
636,1819091536359182800,Irrelevant,{},User agreement
637,1896633839902195700,Irrelevant,{},User agreement
638,1865695367939154400,Negative,{},User agreement
639,1859716099371344400,Positive,"{""Comparing Israel and its policies to Nazi Germany"",Other}",User agreement
640,1731542503684497400,Negative,{},User agreement
641,1749351231825588200,Positive,"{""Denying the Jewish people's right to self-determination/the right of Israel to exist"",""Applying double standards to Israel that are not applied to other states (double standard)"",""Collective blame of Jews for actions of the State of Israel"",Other}",User agreement
642,1751917892373995500,Negative,{},User agreement
643,1850535716885078300,Irrelevant,{},User agreement
644,1822436452703342600,Negative,{},User agreement
645,1891387695584158200,Negative,{},User agreement
646,1842451843433234400,Irrelevant,{},User agreement
647,1821586131781329200,Irrelevant,{},User agreement
648,1792566485497557200,Irrelevant,{},User agreement
649,1721427368588480800,Negative,{},User agreement
650,1822908110224433700,Negative,{},User agreement
651,1834115446876086800,Negative,{},User agreement
652,1839691483148099800,Irrelevant,{},User agreement
653,1879048994296619000,Irrelevant,{},User agreement
654,1776444792790249500,Positive,"{""Collective blame of Jews for actions of the State of Israel"",Other}",User agreement
655,1823331289178734600,Irrelevant,{},User agreement
656,1833269400524493000,Negative,{},User agreement
657,1782630634630033700,Irrelevant,{},User agreement
658,1799324091595542800,Irrelevant,{},User agreement
659,1776087795783864600,Negative,{},User agreement
660,1822450278676980000,Negative,{},User agreement
661,1886699319752905000,Irrelevant,{},User agreement
662,1801962092100199000,Negative,{},User agreement
663,1822947632408621000,Negative,{},User agreement
664,1877978320081715500,Negative,{},User agreement
665,1876079546346402000,Irrelevant,{},User agreement
666,1841431166290948000,Positive,"{""Denying the Jewish people's right to self-determination/the right of Israel to exist"",""Collective blame of Jews for actions of the State of Israel"",Other}",User agreement
667,1892530215051493600,Negative,{},User agreement
668,1838849160688140500,Positive,"{""Denying the Jewish people's right to self-determination/the right of Israel to exist"",""Calling for violence and hostility against Israel""}",User agreement
669,1887683557608563000,Irrelevant,{},User agreement
670,1836505740493885400,Irrelevant,{},User agreement
671,1880388144551674000,Negative,{},User agreement
672,1756536978932466200,Negative,{},User agreement
673,1725449162077221000,Negative,{},User agreement
674,1823359405779239200,Irrelevant,{},User agreement
675,1823412928839868700,Negative,{},User agreement
676,1796313599239143400,Irrelevant,{},User agreement
677,1785449983363412500,Negative,{},User agreement
678,1846869546684371000,Negative,{},User agreement
679,1846071832870277600,Negative,{},User agreement
680,1786132717765112300,Irrelevant,{},User agreement
681,1830595064189387000,Negative,{},User agreement
682,1795485660616491000,Positive,"{""Denying the Jewish people's right to self-determination/the right of Israel to exist"",""Demonization of Jews (portraying them as inferior and despicable)"",""Spreading conspiracy theories about Jewish control (power, money, and media)"",""Collective blame of Jews for actions of the State of Israel""}",User agreement
683,1862885624119775500,Negative,{},User agreement
684,1731959293446849000,Negative,{},User agreement
685,1817477739244671000,Negative,{},User agreement
686,1817511281118585000,Irrelevant,{},User agreement
687,1845724000863019300,Negative,{},User agreement
688,1893473998585082000,Negative,{},User agreement
689,1712761385233568000,Negative,{},User agreement
690,1865882614164537900,Positive,"{""Spreading conspiracy theories about Jewish control (power, money, and media)"",Other}",User agreement
691,1867403879643853300,Positive,"{""Spreading conspiracy theories about Jewish control (power, money, and media)"",Other}",User agreement
692,1845370300348891600,Negative,{},User agreement
693,1841428648957817000,Negative,{},User agreement
694,1865310813394997800,Positive,"{""Calling for violence and hostility against Israel"",""Defaming Jewish symbols"",""Applying double standards to Israel that are not applied to other states (double standard)""}",User agreement
695,1825403949312004000,Negative,{},User agreement
696,1818618688905605400,Negative,{},User agreement
697,1822191030378053600,Irrelevant,{},User agreement
698,1833756890951487700,Negative,{},User agreement
699,1859817083200209000,Irrelevant,{},User agreement
700,1848850470477173200,Negative,{},User agreement
701,1822909860599767600,Negative,{},User agreement
702,1812114968315314200,Irrelevant,{},User agreement
703,1853581953972457500,Negative,{},User agreement
704,1887316805770702800,Positive,"{""Spreading conspiracy theories about Jewish control (power, money, and media)"",""Demonization of Jews (portraying them as inferior and despicable)""}",User agreement
705,1794582475139862500,Negative,{},User agreement
706,1818973198115131600,Negative,{},User agreement
707,1888025062936072700,Positive,"{""Spreading conspiracy theories about Jewish control (power, money, and media)"",""Denying the Jewish people's right to self-determination/the right of Israel to exist""}",User agreement
708,1837473105784328400,Irrelevant,{},User agreement
709,1891696434480599000,Irrelevant,{},User agreement
710,1888030768791765500,Negative,{},User agreement
711,1749658131448406500,Irrelevant,{},User agreement
712,1865484439532277800,Irrelevant,{},User agreement
713,1880121791827570700,Irrelevant,{},User agreement
714,1799410490948616400,Negative,{},User agreement
715,1813682921037001000,Irrelevant,{},User agreement
716,1888768167796973600,Positive,"{""Applying double standards to Israel that are not applied to other states (double standard)"",""Calls for harming/killing Jews"",""Denying the Jewish people's right to self-determination/the right of Israel to exist""}",User agreement
717,1862709566556758000,Irrelevant,{},User agreement
718,1836727607670562800,Negative,{},User agreement
719,1822464006231331000,Negative,{},User agreement
720,1878323759251095800,Positive,"{""Collective blame of Jews for actions of the State of Israel"",""Applying double standards to Israel that are not applied to other states (double standard)"",Other}",User agreement
721,1787645015252202000,Irrelevant,{},User agreement
722,1840679972995776500,Positive,"{""Applying double standards to Israel that are not applied to other states (double standard)"",Other,""Denying the Jewish people's right to self-determination/the right of Israel to exist""}",User agreement
723,1821490531899482600,Negative,{},User agreement
